[
  {
    "id": "10d824f3-b6e8-4618-ae6e-230f6d503e3c",
    "data": [
      {
        "text": "I have a ",
        "userDefined": false
      },
      {
        "text": "problem",
        "alias": "category",
        "meta": "@category",
        "userDefined": false
      },
      {
        "text": " with my laptop",
        "userDefined": false
      }
    ],
    "isTemplate": false,
    "count": 0,
    "updated": 1540937843
  },
  {
    "id": "7ff322a2-06c7-4055-b335-3771f319f4ff",
    "data": [
      {
        "text": "My printer ",
        "userDefined": false
      },
      {
        "text": "isn\u0027t working",
        "alias": "category",
        "meta": "@category",
        "userDefined": true
      }
    ],
    "isTemplate": false,
    "count": 0,
    "updated": 1540937843
  },
  {
    "id": "d7f17b31-a763-4ee1-8322-48f951a0a7d9",
    "data": [
      {
        "text": "My printer is ",
        "userDefined": false
      },
      {
        "text": "slow",
        "alias": "category",
        "meta": "@category",
        "userDefined": false
      }
    ],
    "isTemplate": false,
    "count": 0,
    "updated": 1540937741
  },
  {
    "id": "e63c69d9-92ff-4f40-afd9-32394eb450b9",
    "data": [
      {
        "text": "I need a ",
        "userDefined": false
      },
      {
        "text": "software",
        "alias": "category",
        "meta": "@category",
        "userDefined": false
      },
      {
        "text": " license",
        "userDefined": false
      }
    ],
    "isTemplate": false,
    "count": 0,
    "updated": 1540937741
  },
  {
    "id": "0f399d66-c05b-4469-8685-88a22f0345dc",
    "data": [
      {
        "text": "I have a ",
        "userDefined": false
      },
      {
        "text": "slow computer",
        "alias": "category",
        "meta": "@category",
        "userDefined": false
      }
    ],
    "isTemplate": false,
    "count": 0,
    "updated": 1540937741
  },
  {
    "id": "5002108a-b299-4e8c-8173-bd91a1fa5346",
    "data": [
      {
        "text": "This is an ",
        "userDefined": false
      },
      {
        "text": "Authentication",
        "alias": "category",
        "meta": "@category",
        "userDefined": true
      },
      {
        "text": " request",
        "userDefined": false
      }
    ],
    "isTemplate": false,
    "count": 0,
    "updated": 1540937741
  },
  {
    "id": "caa00000-125c-4276-9bda-6df13f98edaf",
    "data": [
      {
        "text": "It falls under ",
        "userDefined": false
      },
      {
        "text": "Billing",
        "alias": "category",
        "meta": "@category",
        "userDefined": true
      }
    ],
    "isTemplate": false,
    "count": 0,
    "updated": 1540937741
  }
]