[
  {
    "id": "7a29beb8-5e2e-4444-be53-fc0701b63741",
    "data": [
      {
        "text": "Greg",
        "alias": "given-name",
        "meta": "@sys.given-name",
        "userDefined": false
      }
    ],
    "isTemplate": false,
    "count": 0,
    "updated": 1540925190
  },
  {
    "id": "ecf4341e-1d87-4f22-8c14-44155dc9f133",
    "data": [
      {
        "text": "My name is ",
        "userDefined": false
      },
      {
        "text": "Lily",
        "alias": "given-name",
        "meta": "@sys.given-name",
        "userDefined": false
      }
    ],
    "isTemplate": false,
    "count": 0,
    "updated": 1540925190
  },
  {
    "id": "c6ab0c10-2233-4c3c-a80f-a1b91f8ea46b",
    "data": [
      {
        "text": "I am ",
        "userDefined": false
      },
      {
        "text": "bob",
        "alias": "given-name",
        "meta": "@sys.given-name",
        "userDefined": false
      }
    ],
    "isTemplate": false,
    "count": 0,
    "updated": 1540925190
  }
]