[
  {
    "id": "82aec796-7d6d-4896-a750-5992b6e3d40a",
    "data": [
      {
        "text": "There is a virus on my computer",
        "userDefined": false
      }
    ],
    "isTemplate": false,
    "count": 0,
    "updated": 1540925051
  },
  {
    "id": "fad9d08e-0485-4eab-a61c-c283b31a1a29",
    "data": [
      {
        "text": "I have an access problem",
        "userDefined": false
      }
    ],
    "isTemplate": false,
    "count": 0,
    "updated": 1540925051
  },
  {
    "id": "f69fb31b-15ed-4992-a8d5-ec286750a69d",
    "data": [
      {
        "text": "There is a problem with my computer",
        "userDefined": false
      }
    ],
    "isTemplate": false,
    "count": 0,
    "updated": 1540925051
  },
  {
    "id": "98479640-5882-4be6-beef-587d6dd18ae5",
    "data": [
      {
        "text": "I have a problem",
        "userDefined": false
      }
    ],
    "isTemplate": false,
    "count": 0,
    "updated": 1540925051
  },
  {
    "id": "25a1d4c9-4f1b-459a-9134-5b1b29d23079",
    "data": [
      {
        "text": "I want to submit a ticket",
        "userDefined": false
      }
    ],
    "isTemplate": false,
    "count": 0,
    "updated": 1540925051
  },
  {
    "id": "d77204b6-1c6c-4164-bd55-98f6fc0075af",
    "data": [
      {
        "text": "issue",
        "userDefined": false
      }
    ],
    "isTemplate": false,
    "count": 0,
    "updated": 1540925051
  },
  {
    "id": "0b1a801e-6b9e-4e1a-b06b-a95e4dfb8161",
    "data": [
      {
        "text": "problem",
        "userDefined": false
      }
    ],
    "isTemplate": false,
    "count": 0,
    "updated": 1540925051
  },
  {
    "id": "a568e1ef-42d9-4dd5-b302-367d99965898",
    "data": [
      {
        "text": "submit ticket",
        "userDefined": false
      }
    ],
    "isTemplate": false,
    "count": 0,
    "updated": 1540925051
  },
  {
    "id": "c5fc5d2b-a773-4cc2-afd6-de547a86e047",
    "data": [
      {
        "text": "ticket",
        "userDefined": false
      }
    ],
    "isTemplate": false,
    "count": 0,
    "updated": 1540925051
  }
]